preflabel,vicnames id
TORRITA,103067
BOINKA,100420
MANANGATANG,101944
SPEEWA,102791
PATCHEWOLLOCK,102466
MURRABIT WEST,102236
SPRINGFIELD,102799
WAITCHIE,103179
STRATEN,102848
SPEED,102790
GOWANFORD,101350
MYALL,102249
WOORINEN,103416
WOORINEN SOUTH,103418
ULTIMA,103135
TURRIFF,103112
KUNAT,101728
TRESCO WEST,103099
KOORLONG,101707
MERRINEE,102033
CARDROSS,100670
MERINGUR,102020
WERRIMULL,103297
AMOR,100160
LIPAROO,101856
KENLEY,101634
WANDOWN,103211
KULWIN,101727
NATYA,102305
WINNAMBOOL,103360
PIANGIL,102491
TUTYE,103115
NEERIM,102312
COCAMBA,100794
TOWAN,103074
BANNERTON,100264
NARRUNG,102299
NYAH WEST,102404
VINIFERA,103164
BEVERFORD,100374
TYNTYNDER,103125
PIRA,102505
WOORINEN NORTH,103417
POLISBET,102520
NOWIE,102387
BIG DESERT,100379
MURRAYDALE,102239
BULGA,100546
BIMBOURIE,100385
MITTYACK,102085
KOOLOONONG,101701
ANNUELLO,100168
LINDSAY POINT,101852
WARGAN,103227
CULLULLERAINE,100902
NEDS CORNER,102310
MERBEIN WEST,102017
BIRDWOODTON,100392
CABARITA,100616
MERBEIN SOUTH,102016
RED CLIFFS,102589
IRAAK,101541
NANGILOC,102272
HAPPY VALLEY,101419
LAKE POWELL,101769
BOUNDARY BEND,100461
WEMEN,103287
NICHOLS POINT,102346
PANITYA,102447
BOLTON,100424
WALPEUP,103199
COWANGIE,100858
CARINA,100672
LINGA,101853
NYAH,102403
BEULAH,100373
DALTONS BRIDGE,100917
YIELIMA,103498
LEITCHVILLE,101822
BARMAH,100278
LAKE MERAN,101766
NYRRABY,102410
CULGOA,100899
FAIRLEY,101148
GANNAWARRA,101215
TITTYBONG,103028
SANDHILL LAKE,102689
COKUM,100802
KALPIENUNG,101595
WILLENABRINA,103337
NULLAWIL,102393
CANNIE,100646
HEALESVILLE,101443
LASCELLES,101805
CHINANGIN,100744
MURRABIT,102235
LAKE CHARM,101755
BOIGBEAT,100419
TARRAWARRA,102952
COLDSTREAM,100809
BURKES BRIDGE,100587
ULUPNA,103137
WANDELLA,103203
MYWEE,102263
ROSEBERY,102649
HORFIELD,101498
MACORNA,101916
COBRAM,100785
KINNABULLA,101684
KENMARE,101635
MINCHA WEST,102058
GUNBOWER,101397
REEDY DAM,102602
KEELY,101623
MEERING WEST,101997
WEE WEE RUP,103279
APPIN,100171
CHINKAPOOK,100745
TUROAR,103111
GERAHMIN,101238
SWAN HILL WEST,102893
NYARRIN,102405
TYRRELL,103130
CASTLE DONNINGTON,100702
ULTIMA EAST,103136
LAKE BOGA,101752
TURRIFF EAST,103113
GOSCHEN,101345
WINLATON,103359
TRESCO,103098
MYALL,102250
UNDERBOOL,103139
MURRAYVILLE,102240
WESTBY,103305
BAEL BAEL,100226
THOLOGOLONG,103004
GLENLOTH EAST,101298
GUYS FOREST,101401
NUMURKAH,102394
NORONG,102371
BARNAWARTHA NORTH,100281
YANDO,103464
WHARPARILLA,103309
GRANYA,101362
BURRAMINE SOUTH,100596
DURHAM OX,101050
SYLVATERRE,102902
CATUMNAL,100707
PYRAMID HILL,102567
PINE MOUNTAIN,102501
BRIMIN,100501
WYCHEPROOF,103437
BARNAWARTHA,100280
BUNGIL,100579
WILKUR,103331
MUCKATAH,102214
APPIN SOUTH,100173
BALLAPUR,100239
COBRAM EAST,100786
LEAGHUR,101816
BIRCHIP,100390
WATCHUPGA,103255
KERANG EAST,101642
BUDGERUM EAST,100541
NORMANVILLE,102370
CULLEN,100901
MARLBED,101962
DINGWALL,100979
MILNES BRIDGE,102056
QUAMBATOOK,102568
PINE VIEW,102502
TRAGOWEL,103084
MACORNA NORTH,101918
CURYO,100910
KOONOOMOO,101704
BARRAPORT,100288
GREDGWIN,101375
PICOLA WEST,102493
BUNGULUKE,100580
YARRAWONGA,103483
BROWNS PLAINS,100521
WAAIA,103170
BUNDALONG,100564
RUTHERGLEN,102673
NATHALIA,102300
TORRUMBARRY,103068
MINCHA,102057
BURRAMINE,100595
CANARY ISLAND,100643
LODDON VALE,101874
NARRAPORT,102292
WAHGUNYAH,103175
GOORAMADDA,101336
BIRCHIP WEST,100391
BARRAPORT WEST,100289
MINMINDIE,102065
YARROWEYAH,103485
NINYEUNOOK,102355
JERUK,101570
WALWA,103200
KARYRIE,101615
TELOPEA DOWNS,102979
OAKVALE,102417
MURNUNGIN,102231
BERRIWILLOCK,100361
KOONDROOK,101703
WANGIE,103216
TEAL POINT,102972
WILLANGIE,103333
ALBACUTYA,100131
COHUNA,100800
BEAUCHAMP,100318
MEATIAN,101995
KOROOP,101717
GONN CROSSING,101330
HOPETOUN,101494
BANYAN,100266
YAAPEET,103447
LALBERT,101779
WOOMELANG,103410
WILBY,103328
BANDIANA,100261
TUNGAMAH,103110
BOOMAHNOOMOONAH,100446
ECHUCA VILLAGE,101072
TERRAPPEE,102989
WYCHEPROOF SOUTH,103438
ROSLYNMEAD,102656
KAARIMBA,101587
LILLIPUT,101842
WYCHITELLA NORTH,103440
KOTTA,101722
MUNDOONA,102221
YOUARANG,103503
BATHUMI,100301
TOWONG,103079
LOWER MOIRA,101892
BOORT,100454
WEST WODONGA,103303
ECHUCA,101071
YARRAWONGA SOUTH,103484
TELFORD,102978
NARING,102286
MORTON PLAINS,102151
GLADFIELD,101258
WARMUR,103228
BROUGHTON,100518
LORQUON,101890
CORACK,100836
EBDEN,101070
WYUNA,103444
WARRACKNABEAL,103233
SPRINGHURST,102800
TEDDYWADDY,102974
UNDERA,103138
KANIVA,101604
TOWONG UPPER,103080
ST GERMAINS,102812
PINE GROVE,102499
PELLUEBLA,102477
KOYUGA,101724
MASSEY,101979
MYSIA,102261
JUNGABURRA,101585
CUDGEWA,100898
CHIRRIP,100748
ECHUCA WEST,101073
BUNDALONG SOUTH,100565
KANYAPELLA,101608
GATEWAY ISLAND,101223
KOETONG,101693
GLENLOTH,101297
YABBA NORTH,103448
TALLYGAROOPNA,102919
KATANDRA WEST,101619
STAGHORN FLAT,102822
DOCKERS PLAINS,100985
CHARLEROI,100721
YABBA SOUTH,103449
NANNEELLA,102273
ELDORADO,101089
JEFFCOTT NORTH,101567
WOOROONOOK,103421
CARRON,100693
GUNDOWRING,101398
BOWEYA,100463
LITCHFIELD,101858
BEECHWORTH,100325
WOORAGEE,103411
WYCHITELLA,103439
WYUNA EAST,103446
PEECHELBA EAST,102476
LAKE MARMAL,101765
BOORHAMAN NORTH,100451
CORNISHTOWN,100845
CHILTERN,100742
BANGERANG,100262
GEORGES CREEK,101237
BULLIOH,100557
JARVIS CREEK,101562
BOORHAMAN EAST,100450
INDIGO VALLEY,101527
BERRINGAMA,100360
BARANDUDA,100268
TEDDYWADDY WEST,102975
NHILL,102345
CASTLE CREEK,100701
SHEPPARTON NORTH,102743
KELLALAC,101632
LONDRIGAN,101877
KORONG VALE,101716
LEMNOS,101824
WANGARATTA,103214
MOOROOPNA NORTH WEST,102140
SKINNERS FLAT,102756
YARRAWALLA,103482
WATCHEM WEST,103254
SHELLEY,102739
CHILTERN VALLEY,100743
PEECHELBA,102475
MOLOGA,102103
GRANITE FLAT,101359
KILLAWARRA,101663
TALLANGATTA VALLEY,102917
YANAC,103462
KATAMATITE EAST,101617
NETHERBY,102325
KATAMATITE,101616
ESMOND,101126
THALIA,102995
WATCHEM,103253
NAREEWILLOCK,102283
CORACK EAST,100837
CRYMELON,100896
SERVICETON,102724
DONALD,100990
BOORHAMAN,100449
AREEGRA,100190
BORALMA,100456
BOWEYA NORTH,100465
WAGGARANDALL,103174
KATANDRA,101618
BUNGEET WEST,100578
COSGROVE,100852
GILLIESTON,101251
DIGGORA,100975
ZEERUST,103508
KYVALLEY,101738
LANCASTER,101782
TENNYSON,102985
STRATHALLAN,102852
LAKE ROWAN,101770
KIEWA,101658
BARRAKEE,100286
BORUNG,100459
YACKANDANDAH,103450
MARIONVALE,101960
BYAWATHA,100612
BIGGARA,100383
CONGUPNA,100817
KILLARA,101661
HUON CREEK,101518
YEUNGROON EAST,103496
MERRIGUM,102029
TAMINICK,102924
ARDMONA,100189
YUNDOOL,103505
BUNGEET,100577
FERNIHURST,101163
THOWGLA VALLEY,103015
HUON,101516
COLAC COLAC,100804
YOUANMITE,103502
BAMAWM EXTENSION,100258
DRUMANURE,101018
WUNGHNU,103433
CORRYONG,100850
MAJOR PLAINS,101933
EAST WANGARATTA,101065
DOOKIE,100997
WALDARA,103181
POMPAPIEL,102526
WALLUP,103196
MILLOO,102053
ROCHESTER,102637
SHEEP HILLS,102734
WOOLSHED FLAT,103408
FAIRY DELL,101149
PINE LODGE,102500
THOONA,103008
BALLENDELLA,100243
LILLIMUR,101841
WOOSANG,103422
BOOLITE,100445
POWLETT PLAINS,102552
COONOOER WEST,100830
MURMUNGEE,102230
STANLEY,102826
KINYPANIAL,101685
KIALLA EAST,101655
COOMA,100823
WINTON NORTH,103365
WANGANDARY,103212
GRAHAMVALE,101355
LAWLER,101812
GLENALBYN,101275
RAYWOOD,102587
DOCKER,100984
AVON PLAINS,100214
BARWIDGEE,100293
KURRACA WEST,101730
KURRACA,101729
MURTOA,102245
BOBINAWARRAH,100413
KEWELL,101652
GLEN CREEK,101262
BLACKHEATH,100403
BURNEWANG,100590
BUCKRABANYULE,100537
JARKLIN,101560
BUNBARTHA,100562
ALMONDS,100150
TANGAMBALANGA,102929
NARIEL VALLEY,102285
ST JAMES,103630
COOMBOONA,100824
LUCYVALE,101899
BAMAWM,100257
LOCKINGTON,101869
AUBREY,100208
CANNUM,100648
WEDDERBURN,103277
LAEN NORTH,101748
WANGARATTA SOUTH,103215
TALLANDOON,102913
MOOROOPNA,102138
SERPENTINE,102723
JEFFCOTT,101566
SANDY CREEK,102694
KERGUNYAH,101643
NORTH WANGARATTA,102378
KIATA,101657
GIL GIL,101249
MOUNT BRUNO,102159
BOWSER,100467
BEARS LAGOON,100317
TIMMERING,103021
BOXWOOD,100472
DEVENISH,100965
MOOROOPNA NORTH,102139
KYABRAM,101733
BYRNESIDE,100615
MIRAM,102069
MOUNT MAJOR,102191
TATURA,102964
ARCADIA SOUTH,100180
MERRIANG SOUTH,102025
GRE GRE NORTH,101370
ST ARNAUD NORTH,102810
BRIDGEWATER,100492
LURG,101900
GOROKE,101344
ROSEWHITE,102655
WHOROULY SOUTH,103324
GOWAR EAST,101352
SLATY CREEK,102761
GLENROWAN WEST,101311
MINYIP,102066
LAWLOIT,101814
FIERY FLAT,101167
CHESNEY VALE,100735
LAEN EAST,101747
LACEBY,101742
ORRVALE,102433
COSGROVE SOUTH,100853
OXLEY FLATS,102440
MURRA WARRA,102234
DRUMMARTIN,101021
BONN,100432
WEDDERBURN JUNCTION,103278
BRUARONG,100522
KERGUNYAH SOUTH,101644
MILAWA,102048
NALINGA,102266
DARTMOUTH,100936
COROP,100847
OXLEY,102439
SWANWATER WEST,102899
WINTON,103364
STANHOPE SOUTH,102825
WARANGA,103221
SUTHERLAND,102887
GIRGARRE,101254
SHEPPARTON EAST,102742
RICHMOND PLAINS,102619
KAMAROOKA NORTH,101598
KYABRAM SOUTH,101735
DOOKIE COLLEGE,100998
TOOLAMBA,103041
GOOROC,101339
YAWONG HILLS,103487
GOWANGARDIE,101351
BENALLA,100344
UPPER GUNDOWRING,103143
KOONDA,101702
KIALLA WEST,101656
RICH AVON WEST,102615
COONOOER BRIDGE,100827
LITTLE DESERT,101859
NINE MILE,102353
AUCHMORE,100209
HARSTON,101428
SALISBURY WEST,102685
CANIAMBO,100644
DEDERANG,100942
KAMAROOKA,101596
WAIL,103177
NEILBOROUGH,102317
BRIDGEWATER ON LODDON,100494
MITTA MITTA,102084
TAMLEUGH,102925
PIMPINIO,102498
DUCHEMBEGARRA,101030
LOGAN,101875
WANALTA,103201
COLBINABBIN,100807
MYRRHEE,102256
CARAPOOEE,100662
FOSTERVILLE,101195
WARANGA SHORES,103222
EARLSTON,101059
SWANWATER,102898
BRIDGEWATER NORTH,100493
VIOLET TOWN,103166
RUPANYUP,102670
LAEN,101746
ELMORE,101099
TATURA EAST,102965
ESKDALE,101125
PERONNE,102485
FENTONS CREEK,101156
KANCOONA,101600
RUNNING CREEK,102667
MEADOW CREEK,101992
INGLEWOOD,101528
MURCHISON NORTH,102228
BANYENA,100267
BAGSHOT NORTH,100228
MIEPOLL,102046
MERRIANG,102023
KALKEE,101592
KURTING,101731
BURRAMBOOT,100594
TOOLAMBA WEST,103042
BERRIMAL,100358
HUNTER,101511
GLENROWAN,101310
COPE COPE,100834
GIRGARRE EAST,101255
TOM GROGGIN,103034
MARKWOOD,101961
MUDGEGONGA,102217
ST ARNAUD,102808
MONGANS BRIDGE,102107
CARBOOR,100666
MOORILIM,102131
MURCHISON EAST,102227
KOOREH,101706
MOLKA,102100
BARNADOWN,100279
GRE GRE,101369
LONGERENONG,101880
TOOLLEEN,103047
MARNOO WEST,101966
ARNOLD,100194
MITRE,102081
VECTIS,103153
NATIMUK,102301
MCINTYRE,101984
HAVILAH,101433
MOGLONEMBY,102095
MOOLERR,102117
MARNOO EAST,101965
RIGGS CREEK,102621
WHIPSTICK,103312
WOODVALE,103403
MINIMAY,102062
MUSKERRY,102248
CALIFORNIA GULLY,100623
GRITJURK,101392
CANN RIVER,100645
WARNE,103230
STUART MILL,102870
WIRRATE,103366
NAGAMBIE,102264
LONGWOOD,101887
WHITFIELD,103317
REDCASTLE,102597
GRE GRE SOUTH,101371
ST ARNAUD EAST,102809
KINGOWER,101679
DOOEN,100996
NURCOUNG,102399
WEHLA,103283
HUNTLY NORTH,101515
MELVILLE FOREST,102006
NOORINBEE,102366
GRASS FLAT,101363
YARRABERB,103476
UPPER LURG,103144
DHURRINGILE,100970
ARCADIA,100179
TAMLEUGH NORTH,102926
KARRAMOMUS,101614
JUNG,101583
MOUNT BURNETT,102163
BRENANAH,100486
TARNOOK,102946
LABERTOUCHE,101741
CLYDE NORTH,100776
DROUIN WEST,101017
TATONG,102962
ASCOT VALE,100200
FLEMINGTON,101178
GEMBROOK,101234
CARAPOOEE WEST,100663
MYERS FLAT,102252
WELLSFORD,103284
UPPER RYANS CREEK,103147
ARNOLD WEST,100195
BRIGHT,100495
WHROO,103325
MARNOO,101964
DERBY,100958
GOBARUP,101318
CREIGHTONS CREEK,100873
GOORAM,101335
EAGLEHAWK NORTH,101057
RIVERSIDE,102629
TRUGANINA,103102
TARNEIT,102945
CRANBOURNE EAST,100866
ARAPILES,100175
WHITE HILLS,103314
TAWONGA SOUTH,102968
MOUNT BEAUTY,102155
EAST BENDIGO,101061
TOOAN,103039
PAINSWICK,102443
OZENKADNOOK,102441
BRINGALBERT,100504
WAL WAL,103180
DALYENONG,100918
EMU,101111
BOLANGUM,100422
DRUNG,101027
LLANELLY,101863
CORAL BANK,100839
GRAYS BRIDGE,101367
BURKES FLAT,100588
NEUARPURR,102326
RHEOLA,102609
TAWONGA,102967
LEICHARDT,101819
CORNELLA,100844
LONGLEA,101883
TOTTINGTON,103072
DANDONGADALE,100923
QUANTONG,102570
NORTH BENDIGO,102372
WALLALOO,103191
MOLIAGUL,102098
LIMA,101844
MARONG,101967
GERMANTOWN,101242
TOWANINNY,103076
HORSHAM,101500
BAILIESTON,100230
NEWBRIDGE,102329
EDI UPPER,101083
BEAZLEYS BRIDGE,100322
COCHRANES CREEK,100795
SWANPOOL,102897
PRANJIP,102555
KING VALLEY,101672
BINGO MUNJIE,100389
AVOCA,100213
CAVEAT,100712
WHITEHEADS CREEK,103315
HIGHLANDS,101477
DROPMORE,101013
KANUMBRA,101606
COBUNGRA,100789
TELANGATUK EAST,102977
ELPHINSTONE,101100
MOUNT DRYDEN,102176
CRAIGIE,100863
BOOROLITE,100452
MOYSTON,102213
JILPANGER,101572
MORRL MORRL,102149
ULLSWATER,103134
NURRABIEL,102400
GLENORCHY,101304
MANGALORE,101948
LANGKOOP,101796
TUBBUT,103104
MURPHYS CREEK,102232
EUROA,101133
MOORNGAG,102135
GYMBOWEN,101403
INKERMAN,101530
PARADISE,102450
KARNAK,101613
WOODSTOCK WEST,103402
KANGAROO FLAT,101601
GOLDEN GULLY,101321
NORADJUHA,102368
LAANECOORIE,101739
WHITLANDS,103318
LIMA EAST,101845
SHELBOURNE,102736
BOGONG,100415
KENNINGTON,101638
MCKENZIE CREEK,101985
LAHARUM,101750
NAVARRE,102306
BARKERS CREEK,100274
GOWER,101354
SAILORS GULLY,102680
WILSONS HILL,103346
WOODSTOCK ON LODDON,103401
BEALIBA,100314
HAVEN,101432
ROSTRON,102659
LONG GULLY,101879
CHESHUNT,100733
BENAMBRA,100345
LOWER NORTON,101893
TARNAGULLA,102944
MOUNT CAMEL,102166
IRONBARK,101543
BUNGALALLY,100575
WALLALOO EAST,103192
CALLAWADDA,100625
KYNETON SOUTH,101737
LANGI LOGAN,101795
MIDDLE CREEK,102042
MOROKA,102146
BALLARAT NORTH,100242
CHADSTONE,100715
KALLISTA,101593
ELSTERNWICK,101101
CAULFIELD,100708
WATTLE FLAT,103266
MILDURA,102049
IRYMPLE,101547
DONCASTER,100991
HADDON,101404
YUROKE,103506
EUREKA,101132
MCMAHONS CREEK,101989
TAMBOON,102922
EAST WARBURTON,101066
REEFTON,102604
HENSLEY PARK,101457
REDAN,102593
MILLBROOK,102051
LAKE WONGAN,101776
GLENTHOMPSON,101314
JERICHO,101569
BASALT,100297
QUARRY HILL,102571
NELSE,102318
BENDIGO,100348
WEST BENDIGO,103299
JUNORTOUN,101586
COBBERAS,100783
KANYA,101607
WANDILIGONG,103204
SHEANS CREEK,102733
MIGA LAKE,102047
CREEK JUNCTION,100872
SWIFTS CREEK,102900
CASSILIS,100698
PASTORIA,102463
DADSWELLS BRIDGE,100911
KEVINGTON,101648
DENICULL CREEK,100951
GATUM,101224
GLENBRAE,101277
CROOKED RIVER,100883
BUXTON,100607
WANDO BRIDGE,103207
RIDDELLS CREEK,102620
NORTH BLACKWOOD,102373
BUCKLEY SWAMP,100536
LAKES ENTRANCE,101777
EAST BAIRNSDALE,101060
SOUTH KINGSVILLE,102780
SOUTH MELBOURNE,102781
FERNTREE GULLY,101165
KNOXFIELD,101691
HEYFIELD,101467
BENGWORDEN,100350
NUTFIELD,102402
NAVIGATORS,102308
DUNKELD,101038
TANJIL,102930
BORONIA,100458
SPOTSWOOD,102792
LILLICUR,101839
OUYEN,102437
VAUGHAN,103152
RIACHELLA,102612
DUNLUCE,101039
TABILK,102904
TOLMIE,103031
EMU CREEK,101112
SMOKO,102766
LOCKWOOD,101871
COSTERFIELD,100854
ARCHERTON,100186
BUNDARA,100566
BULLARTO SOUTH,100553
BORNES HILL,100457
CARAPOOK,100665
BROWN HILL,100520
SARGOOD,102696
KOOROOCHEANG,101709
CHUTE,100754
DRY DIGGINGS,101028
CADELLO,100619
DOBIE,100983
ARBUCKLE,100178
BUCHAN,100532
DARRAWEIT GUIM,100932
LLOWALONG,101864
BRIGHTON,100496
SHELFORD,102738
WALHALLA EAST,103184
PERRY BRIDGE,102486
FUMINA SOUTH,101211
RUSSELLS BRIDGE,102672
TEESDALE,102976
HILL END,101480
WON WRON,103372
BENAYEO,100346
DEVON NORTH,100968
CALROSSIE,100629
YARRAM,103479
MOORMBOOL WEST,102133
STRATHDALE,102856
FREEBURGH,101204
FAWCETT,101153
RED LION,102592
WROXHAM,103428
LAWRENCE,101815
ROSSBRIDGE,102658
CORNDALE,100843
SPARGO CREEK,102789
BAKERY HILL,100232
MOUNT EMU,102183
LINDSAY,101851
GOLDEN POINT,101322
FERNSHAW,101164
DALMORE,100916
CHOCOLYN,100749
BREAKWATER,100483
ATHLONE,100206
LAKE MUNDI,101768
BALLYROGAN,100247
BLAKEVILLE,100407
PHEASANT CREEK,102490
MOUNT PLEASANT,102196
MOUNT BOLTON,102158
CRESWICK NORTH,100880
SWAN ISLAND,102894
POINT LONSDALE,102517
CROSSOVER,100886
LESLIE MANOR,101832
LYNBROOK,101902
SEACOMBE,102709
WOOLSTHORPE,103409
WESTBURY,103304
TIMOR WEST,103023
MOLYULLAH,102104
NEWLYN NORTH,102338
KEALBA,101622
LOCKSLEY,101870
MITCHELLSTOWN,102078
ROSE RIVER,102648
ARCHDALE,100181
WARTOOK,103251
MERTON,102034
BUNG BONG,100571
DELEGATE RIVER,103804
RANCEBY,102577
NULLAWARRE,102391
EAGLE POINT,101055
DEVON MEADOWS,100967
SEDDON,102718
YARRAVILLE,103481
ALBERTON WEST,100135
PAYNESVILLE,102470
BENA,100343
KONGWAK,101697
MYRTLEFORD,102260
OVENS,102438
WANNON,103218
BOCHARA,100414
DORODONG,101001
ICY CREEK,101520
ROKEWOOD,102644
SASSAFRAS,102699
LAKE BUNGA,101754
BELGRAVE,100327
GLENALADALE,101274
CUNDARE,100903
PARADISE BEACH,102451
WAYGARA,103275
YALLAMBIE,103453
MARLO,101963
KEILOR EAST,101628
GRENVILLE,101385
LOWER PLENTY,101894
CALULU,100630
ABBOTSFORD,100118
NAPOLEONS,102275
CLIFTON CREEK,100766
MANORINA,101953
JACANA,101550
GROVEDALE,101393
NOORAT EAST,102365
BARWON HEADS,100296
GLEN PARK,101268
DEPTFORD,100957
ARAWATA,100177
BERRYS CREEK,100364
WOODS POINT,103394
CLARETOWN,100756
LEONGATHA NORTH,101828
MACARTHUR,101910
UPTON HILL,103148
WOODFIELD,103388
SAWMILL SETTLEMENT,102700
TARADALE,102939
WERONA,103294
TYAAK,103116
CRESWICK,100879
MURRINDAL,102241
RIPPLEBROOK,102626
CLIFTON SPRINGS,100768
CAPE SCHANCK,100655
BASS,100298
MOGGS CREEK,102094
BIG HILL,100381
BARRAMUNGA,100287
HEYTESBURY LOWER,101468
BOOLARONG,100439
ROSS CREEK,102657
MOUTAJUP,102209
HURSTBRIDGE,101519
LAL LAL,101778
ST ALBANS PARK,102805
BAXTER,100304
DROUIN,101014
CATANI,100704
PEARCEDALE,102471
POMBORNEIT NORTH,102523
GIPSY POINT,101253
SAILORS FALLS,102679
NURRAN,102401
ENOCHS POINT,103723
LEARMONTH,101817
STIRLING,102834
BUCHAN SOUTH,100533
BURRUMBEET,100598
ARCHDALE JUNCTION,100183
NATTE YALLOCK,102304
MOUNT ECCLES SOUTH,102180
DUMBALK,101031
BULLENGAROOK,100556
RHYMNEY,102611
BURNBANK,100589
REEDY CREEK,102600
MOUNT GLASGOW,102186
SUGGAN BUGGAN,102873
STRATHBOGIE,102855
REDBANK,102595
MANDURANG SOUTH,101946
WONWONDAH,103382
STRATHEWEN,102858
WAANYARRA,103171
HOWQUA INLET,101508
TANTARABOO,102934
MOUNT PROSPECT,102197
MARTHAVALE,101972
TAMBO CROSSING,102920
CAPE WOOLAMAI,100656
YANGOURA,103469
VALENCIA CREEK,103150
WANDIN NORTH,103206
BRADVALE,100474
NORTH MELBOURNE,102375
TANJIL BREN,102931
QUANDONG,102569
WARBURTON,103224
CALDER PARK,100621
EXFORD,101141
BUNINYONG,100581
LALOR,101780
BRUTHEN,100529
GLADSTONE PARK,101259
NIDDRIE,102348
VITE VITE NORTH,103168
ESSENDON NORTH,101128
BROADWATER,100509
THE HEART,103000
WANDANA HEIGHTS,103202
HEATH HILL,101445
CALDERMEADE,100622
NAR NAR GOON NORTH,102277
BOOLA,100437
BEACONSFIELD,100311
ROXBURGH PARK,102662
STOCKYARD HILL,102836
BULLAROOK,100551
NERRING,102324
KARABEAL,101609
DUNNSTOWN,101042
SNAKE VALLEY,102772
KOONWARRA,101705
WAUBRA,103273
MEENIYAN,101996
TANYBRYN,102936
WONGARRA,103377
CLYDESDALE,100778
MARAMINGO CREEK,101955
ALLENDALE,100147
TYLDEN SOUTH,103122
SAILORS HILL,102681
OAKLEIGH EAST,102414
NORVAL,102383
SUNDAY CREEK,102878
ANCONA,100164
TULKARA,103106
SHANNONVALE,102729
MIA MIA,102039
BARINGHUP,100270
BARINGHUP WEST,100271
CHEPSTOWE,100729
GARIBALDI,101220
NERRIN NERRIN,102321
NORTH WARRANDYTE,102379
GORMANDALE,101343
MOUNT MARTHA,102192
CHELSEA,100725
THE PATCH,103002
CARNEGIE,100683
TARILTA,102943
DUNOLLY,101043
MANDURANG,101945
GLEN WILLS,101272
AXE CREEK,100218
MALDON,101936
MOONAMBEL,102120
FRENCHMANS,101206
OMEO,102427
WULGULMERANG,103430
LANDSBOROUGH WEST,101787
KERNOT,101645
KROWERA,101725
THORNBURY,103009
BRUNSWICK EAST,100527
RUSHWORTH,102671
MOORA,102126
PIRIES,102506
MACS COVE,101919
HOWQUA,101506
PORCUPINE RIDGE,102534
COOMOORA,100825
DERGHOLM,100961
WARROCK,103249
SPRINGBANK,102796
GORDON,101342
ARTHURS CREEK,100196
RYANS,102674
MERRIJIG,102030
IGUANA CREEK,101521
WUK WUK,103429
WOODGLEN,103391
BIG HILL,100380
GLEN VALLEY,101270
FALLS CREEK,101151
BRIMPAEN,100502
HINNOMUNJIE,101486
TERIP TERIP,102988
DOUGLAS,101004
TOOLONDO,103050
LANDSBOROUGH,101786
MOOLORT,102118
NEERIM JUNCTION,102314
CRESSY,100875
JACOB CREEK,101553
WARRENHEIP,103243
MININERA,102063
GRAMPIANS,101356
ELLASWOOD,101093
SKIPTON,102757
PATTERSON LAKES,102468
SHADY CREEK,102728
DRUMCONDRA,101020
MANIFOLD HEIGHTS,101949
JOEL JOEL,101574
CHANDLERS CREEK,100716
ARARAT,100176
MOUNT HOOGHLY,102188
APSLEY,100174
AVENEL,100212
LOCKWOOD SOUTH,101872
BARWITE,100294
TOOBORAC,103040
CHERRYPOOL,100731
MOUNT CAMERON,102167
DRYSDALE,101029
FLAGGY CREEK,101175
INVERGORDON,101532
MARUNGI,101974
ESSENDON,101127
MELBOURNE,102000
CREMORNE,100874
SOUTH YARRA,102785
SPRINGVALE,102802
NOBLE PARK,102360
COLAC WEST,100806
WILLOWMAVIN,103342
COBBANNAH,100782
BARKLY,100276
CHESHUNT SOUTH,100734
ZUMSTEINS,103509
CASTLEMAINE,100703
JOYCES CREEK,101579
GLENHOPE,101289
SHAYS FLAT,102731
HARROW,101427
JOEL SOUTH,101575
TRAFALGAR,103081
MOORNAPA,102134
CALLIGNEE,100626
CALLIGNEE NORTH,100627
DRUMMOND,101022
GEELONG WEST,101228
BARRABOOL,100285
LONGFORD,101882
ST LEONARDS,102819
MOE,102091
KOO WEE RUP,101699
MONOMEITH,102109
LAKE WENDOUREE,101775
ORBOST,102430
STAVELY,102828
LEIGH CREEK,101821
TOOLOME,103049
NEWINGTON,102335
TAGGERTY,102906
CONDAH SWAMP,100816
MAGPIE,101925
MOUNT BUTE,102164
BUSHY PARK,100605
ULLINA,103133
GRINGEGALGONA,101391
KERRIE,101646
BURAGWONDUC,100586
NEW GISBORNE,102327
BALD HILLS,100234
SULKY,102874
CARNGHAM,100684
DOUBLE BRIDGES,101002
DIXONS CREEK,100982
GLENLEE,101293
JOHNSONVILLE,101577
FLYNN,101184
DEWHURST,100969
OFFICER SOUTH,102422
WINCHELSEA,103350
BIRREGURRA,100393
ATTWOOD,100207
WOOLENOOK,103407
WESBURN,103298
KINGSBURY,101681
WORROWING,103425
SOMERVILLE,102776
POOWONG NORTH,102533
BONBEACH,100429
KOLORA,101694
BAYLES,100306
GEELONG,101227
TRAFALGAR EAST,103082
KOO WEE RUP NORTH,101700
NILMA,102349
BLIND BIGHT,100409
MANNERIM,101950
LAKE CONDAH,101756
MURGHEBOLUC,102229
BALLANGEICH,100238
ORFORD,102431
NEWTOWN,102344
MODELLA,102088
MOE SOUTH,102093
WOODSIDE BEACH,103398
KILCUNDA,101659
WEST CREEK,103300
PAARATTE,102442
DALYSTON,100919
BREAKAWAY CREEK,100481
JAN JUC,101556
YINNAR SOUTH,103500
JEERALANG JUNCTION,101564
RED HILL,102590
SCOTTS CREEK,102706
WOODSIDE NORTH,103399
WAARRE,103172
PETERBOROUGH,102488
WATTLE BANK,103263
NEWHAVEN,102334
TIMBOON WEST,103020
COORIEMUNGLE,100832
CATHCART,100705
MOUNT BECKWORTH,102156
HEATHCOTE JUNCTION,101447
BULLARTO,100552
ORMOND,102432
SPRINGVALE SOUTH,102803
MOORABBIN AIRPORT,102128
EASTWOOD,103803
BYADUK NORTH,100611
DEEPDENE,103819
WILLIAMSTOWN NORTH,103340
MACCLESFIELD,101911
SUTTON,102889
JIL JIL,101571
LAMPLOUGH,101781
HOWITT PLAINS,101504
POOLAIJELO,102527
KADNOOK,101588
POWERS CREEK,102551
CHETWYND,100737
TOOLERN VALE,103046
WERRIBEE SOUTH,103296
COCOROC,100797
MOORALLA,102130
BELLARINE,100332
CONCONGELLA,100814
IONA,101540
DEANS MARSH,100940
NARINGAL,102287
STAWELL,102829
HOWQUA HILLS,101507
DRUMMOND NORTH,101024
SIMSON,102752
TANWOOD,102935
MOKEPILLY,102096
DROMANA,101012
PIONEER BAY,102503
IRREWILLIPE,101545
NIRRANDA EAST,102358
MOYARRA,102210
WONGA,103373
WOORARRA EAST,103412
KEW EAST,101650
CARGERIE,100671
CLIFTON HILL,100767
WALPA,103198
NEWCOMB,102331
KNOCKWOOD,103722
ASCOT,100198
ADDINGTON,100124
BROOMFIELD,100517
MAIN LEAD,101929
ENDEAVOUR HILLS,101113
LYSTERFIELD SOUTH,101909
LANGI KAL KAL,101794
GLENDARUEL,101279
KONONGWOOTONG,101698
TRAWALLA,103089
BLOWHARD,100410
WILLAURA,103335
MENA PARK,102008
BROOKVILLE,100516
MAFEKING,101922
MARYSVILLE,101977
CLARKEFIELD,100759
BARRYS REEF,100290
WINDERMERE,103352
HAWKHURST,101435
MIOWERA,102067
CAMBARVILLE,100631
COBAW,100781
WARRAK,103237
WOOL WOOL,103404
TORWOOD,103069
HAZELWOOD,101440
LANG LANG EAST,101792
LAKE GOLDSMITH,101762
WILDWOOD,103330
HILGAY,101479
HILLCREST,101481
CHRISTMAS HILLS,100750
MOUNT EGERTON,102181
HENTY,101458
TOOMBON,103052
BELLBIRD CREEK,100333
WANDONG,103210
BLAMPIED,100408
ERRINUNDRA,101124
TAMBORITHA,102923
NOORINBEE NORTH,102367
LANGDONS HILL,101793
BOLWARRAH,100426
BENLOCH,100352
HARRIETVILLE,101425
PUCKAPUNYAL,102559
TABBERABBERA,102903
WATERFORD PARK,103256
NAREEN,102282
ENGLEFIELD,101115
BROADLANDS,100507
WANTIRNA,103219
ELWOOD,101106
HALLS GAP,101409
CHEWTON BUSHLANDS,100739
METCALFE EAST,102037
GLENLUCE,101300
BUDGEE BUDGEE,100539
BETE BOLONG NORTH,100370
DANDENONG,100920
BEACONSFIELD UPPER,100313
COWWARR,100862
MOONLIGHT FLAT,102124
GOLDEN POINT,101323
WONNANGATTA,103380
TALLAROOK,102918
KANAGULK,101599
ERCILDOUNE,101122
WALLAN,103193
TRENTHAM EAST,103096
CHEROKEE,100730
TYRENDARRA EAST,103129
SUNDERLAND BAY,102879
SURF BEACH,102884
WYE RIVER,103441
WELSHPOOL,103286
DENNINGTON,100954
ALLAMBEE SOUTH,100143
DARRIMAN,100933
KARDELLA,101610
HIAWATHA,101472
BOX HILL SOUTH,100470
FOREST HILL,101190
SEABROOK,102708
WOODEND NORTH,103387
MUSK,102246
ROCKLYN,102641
WEATHERBOARD,103276
BULART,100544
SEATON,102713
POOTILLA,102528
CHUM CREEK,100751
WOODEND,103386
ROCKY POINT,102642
BELLFIELD,100338
BARFOLD,100269
EVERSLEY,101137
YANDOIT,103465
PERCYDALE,102484
FRYERSTOWN,101208
AMHERST,100159
BELLELLEN,100336
STRATHLEA,102862
CABBAGE TREE,100617
BREWSTER,100487
BARKSTEAD,100277
STREATHAM,102866
WHOOREL,103321
HARCOURT,101420
WOOREEN,104457
AIRPORT WEST,100130
MOUNT DORAN,102175
RIPPONLEA,102628
DEEP LEAD,100943
CHEWTON,100738
FYANS CREEK,101212
MUCKLEFORD SOUTH,102216
SUGARLOAF CREEK,102872
WULGULMERANG WEST,103432
BULGANA,100547
GHIN GHIN,101246
BAYNTON EAST,100308
MAINTONGOON,101932
CHARAM,100720
NEEREMAN,102311
BET BET,100368
MCKINNON,101987
KEYSBOROUGH,101653
WALLINDUC,103194
TREMONT,103093
BALACLAVA,100233
POINT COOK,102515
BYADUK,100610
BERRYBANK,100362
MOONDARRA,102121
PARKDALE,102455
NUNGURNER,102397
STRATFORD,102849
WOMBELANO,103371
ROSES GAP,102654
MIRRANATWA,102075
MOUNT COLE,102170
MOYREISK,102212
GOBUR,101319
RATHSCAR WEST,102580
GLENLOGIE,101295
DARLEY,100926
COBURG,100791
PASCOE VALE SOUTH,102462
HALLORA,101407
COALVILLE,100779
DRIFFIELD,101010
ASPENDALE GARDENS,100205
CLYDEBANK,100777
KARIAH,101612
NILMA NORTH,102350
CORINELLA,100841
STAFFORDSHIRE REEF,102821
PENSHURST,102481
MUCKLEFORD,102215
NYORA,102409
LOCH,101866
BURROWYE,100597
MOUNT ALFRED,102154
PURDEET,102563
RIVERSLEA,102630
BUNDALAGUAH,100563
BULLUMWAAL,100558
SMITHS GULLY,102764
ROKEWOOD JUNCTION,102645
ALTONA NORTH,100156
BRADFORD,100473
BETLEY,100372
BRUMBY,100525
ABBEYARD,100117
DEVILS RIVER,100966
BROMLEY,100512
LAKE EPPALOCK,101759
TARRENGOWER,102956
ALEXANDRA,100137
NUNNIONG,102398
DUNNEWORTHY,101040
EDGECOMBE,101081
HEPBURN,101459
DAYLESFORD,100938
KEILOR NORTH,101630
LITTLE RIVER,101862
POINT WILSON,102519
WEIR VIEWS,123253
HALLSTON,101411
MIRBOO NORTH,102073
SMEATON,102762
ST KILDA EAST,102817
BRIGHTON EAST,100497
LYSTERFIELD,101907
TYNONG NORTH,103124
MORDIALLOC,102142
BANNOCKBURN,100265
NELSON,102319
EUMEMMERRING,101130
FLAMINGO BEACH,101177
INVERLEIGH,101533
DUTSON DOWNS,101052
RYTHDALE,102677
GORAE,101340
BUCKLEY,100535
GLENGARRY WEST,101286
GLENGARRY,101282
TRARALGON EAST,103086
TRARALGON,103085
VICTORIA VALLEY,103162
GREENVALE,101383
BRIMBOAL,100500
TENBY POINT,102984
ELIZABETH ISLAND,104554
RUBY,102664
AYRFORD,100221
QUEENSFERRY,102573
MEPUNGA EAST,102013
NULLAWARRE NORTH,102392
BELGRAVE HEIGHTS,100328
NEWLANDS ARM,102336
CLAYTON SOUTH,100762
LYONS,101905
MOORABBIN,102127
DANDENONG NORTH,100921
GOLDSBOROUGH,101327
WINJALLOK,103358
GRAYTOWN,101368
PATYAH,102469
MENTONE,102009
WARRABKOOK,103232
DINGLEY VILLAGE,100978
HOPPERS CROSSING,101496
LAKE TYERS BEACH,101772
DARLINGTON,100929
GARDENVALE,101217
MYAMYN,102251
DUVERNEY,101054
MOORABOOL,102129
HODDLES CREEK,101488
MONT ALBERT,102111
FERNY CREEK,101166
NYERIMILANG,102406
SELBY,102720
MENZIES CREEK,102010
BOSTOCKS CREEK,100460
QUEENSCLIFF,102572
COBRICO,100787
CAPE BRIDGEWATER,100650
KOALLAH,101692
TUERONG,103105
POMBORNEIT,102521
THORPDALE,103011
ROKEBY,102643
NANGEELA,102271
VICTORIA POINT,103161
MINERS REST,102059
CROSS ROADS,100884
NARBETHONG,102278
HUMEVALE,101510
INVERMAY,101537
CHAPEL FLAT,100717
TIMBARRA,103018
WANDO VALE,103208
LERDERDERG,101831
GAFFNEYS CREEK,103721
HAWTHORN,101436
BOX HILL,100468
SURREY HILLS,102885
POWELLTOWN,102550
HEATHMONT,101451
MUMBANNAR,102220
HEATHERTON,101449
WAREEK,103225
WULGULMERANG EAST,103431
BYLANDS,100614
CLARKES HILL,100760
MOUNT ROWAN,102199
WINGAN RIVER,103355
STEELS CREEK,102830
SOLDIERS HILL,102773
BLACK HILL,100396
BOWENVALE,100462
LAKE LONSDALE,101763
ALMA,100149
HOMEBUSH,101491
MOLESWORTH,102097
COTSWOLD,100855
LAKE FYANS,101760
MORANDING,102141
JAMIESON,101555
YALMY,103457
TARRAYOUKYAN,102954
PIGEON PONDS,102496
GLENDONALD,103718
WILLAURA NORTH,103336
CATHKIN,100706
MAROONA,101969
LEONGATHA,101827
CROYDON SOUTH,100894
RINGWOOD,102622
RINGWOOD EAST,102623
EMERALD,101107
MILLTOWN,102055
CHELSEA HEIGHTS,100726
GLENORMISTON NORTH,101305
GREEN GULLY,101376
TRAWOOL,103090
HOWES CREEK,101503
DELATITE,100947
BUANGOR,100530
WATERLOO,103258
LEONARDS HILL,101826
SMOKEYTOWN,102765
CLUB TERRACE,100773
NAP NAP MARRA,102274
LICOLA,101835
CARDIGAN VILLAGE,100668
DALES CREEK,100914
YALLA-Y-POORA,103452
MITCHELL PARK,102077
DOCTORS FLAT,100987
KILSYTH SOUTH,101670
SOUTHBANK,102786
EAST MELBOURNE,101063
BLACKBURN,100400
NANGANA,102270
ALTONA MEADOWS,100155
MOUNT NAPIER,102195
GLEN WAVERLEY,101271
CLEAR LAKE,100763
WARRENMANG,103245
OMEO VALLEY,102428
GERMANIA,101241
METCALFE,102036
GLENHOPE EAST,101290
ILLAWARRA,101523
ANGLERS REST,100166
TONGHI CREEK,103036
KOROBEIT,101714
BALLARAT EAST,100241
BUNGAREE,100576
MATLOCK,101980
GONG GONG,101329
WENDOUREE,103288
ADAMS ESTATE,100123
MEPUNGA WEST,102014
BRUCKNELL,100523
KOOROOMAN,101711
LEONGATHA SOUTH,101829
LIMA SOUTH,101846
BRIDGE CREEK,100491
KORIELLA,101713
WHANREGARWEN,103308
FRAMLINGHAM EAST,101198
FRESHWATER CREEK,101207
NARRACAN,102290
CRIB POINT,100881
NIRRANDA SOUTH,102359
ANDERSON,100165
TURTONS CREEK,103114
YARPTURK,103473
YAMBUK,103458
PANMURE,102448
CARALULUP,100659
GLENGOWER,101288
EASTVILLE,101068
DERRINAL,100963
EDDINGTON,101077
REEDY FLAT,103705
WANGARABELL,103213
GENOA,101235
KINGLAKE CENTRAL,101675
COLBROOK,100808
BO PEEP,100411
WOODSTOCK,103400
OAKLANDS JUNCTION,102412
WRATHUNG,103426
ENSAY NORTH,101117
W TREE,103169
MOUNT LONARCH,102189
RAGLAN,102574
COGHILLS CREEK,100799
TOURELLO,103073
KALIMNA,101589
MOONLIGHT FLAT,102125
BINDI,100386
WELSHMANS REEF,103285
YARCK,103472
HOMEWOOD,101493
SANDON,102692
AMPHITHEATRE,100161
BILLABONG,100384
BROADFORD,100506
ROCKLANDS,102640
STRATHFIELDSAYE,102859
LINDENOW,101849
HAMPTON PARK,101416
DUTSON,101051
PAKENHAM SOUTH,102445
RIPPLESIDE,102627
INDENTED HEAD,101526
MARSHALL,101971
CHARLEMONT,104541
MOUNT MORIAC,102194
TYABB,103117
CURDIEVALE,100908
CHURCHILL ISLAND,100753
SUMMERLANDS,102876
COOLAROO,100822
SCOTSBURN,102704
BRIAR HILL,100489
WATSONIA,103260
BERRINGA,100359
ALBANVALE,100132
KEW,101649
NAREEB,102280
BEMM RIVER,100342
KANGAROO GROUND,101602
BUNGAL,100574
TOORONGO,103063
ENFIELD,101114
WOORNDOO,103420
FAIRY DELL,101150
GLENLOFTY,101294
EDENHOPE,101080
ARGYLE,100191
TIMOR,103022
WATTLE CREEK,103265
WHEATSHEAF,103310
ENSAY,101116
WALLAGARAUGH,103190
KORWEINGUBOORA,101721
KINGLAKE WEST,101676
TATYOON,102966
CAVENDISH,100713
EILDON,101087
STRANGWAYS,102847
WONGUNGARRA,103379
IRISHTOWN,101542
TALBOT,102911
KILLINGWORTH,101664
WENTWORTH,103290
WABONGA,103173
MOCKINYA,102086
HAVELOCK,101431
WALMER,103197
NUGGETTY,102389
RATHSCAR,102579
LEDCOURT,101818
ECKLIN SOUTH,101074
HAZELWOOD NORTH,101441
NARRE WARREN SOUTH,102298
BARUNAH PLAINS,100292
HOLLANDS LANDING,101490
CRANBOURNE NORTH,100867
BURNLEY,100591
GENTLE ANNIE,101236
SHERBROOKE,102744
GAZETTE,101226
BELGRAVE SOUTH,100329
BULDAH,100545
POMONAL,102524
GLENISLA,101292
KELVIN VIEW,101633
GOONGERAH,101333
COMBIENBAR,100813
BEAUFORT,100320
WHITTLESEA,103320
BALLAN,100237
INGLISTON,101529
BALLARAT CENTRAL,100240
EVANSFORD,101136
GOLDIE,101326
VASEY,103151
BUTCHERS RIDGE,100606
LIMESTONE,101848
ACHERON,100121
BARJARG,100273
DEDDICK VALLEY,100941
DINNER PLAIN,100980
BALMORAL,100249
GELANTIPY,101229
DAISY HILL,100913
GOLDEN POINT,101324
TONGIO,103037
CAMPBELLTOWN,100639
LEXTON,101834
BRANXHOLME,100478
DIGBY,100972
MOUNT EVELYN,102184
CROYDON HILLS,100892
IVANHOE EAST,101549
ALBION,100136
DUNDONNELL,101036
COLLINGWOOD,100812
KOOROOL,101710
WATSONS CREEK,103262
TAHARA BRIDGE,102909
THOMSON,103007
KILLARA,101660
MACLEOD,101914
GILLUM,101252
FORBES,101189
CLARINDA,100757
LOCH SPORT,101867
NEWSTEAD,102342
GORAE WEST,101341
YANNATHAN,103470
GRASSMERE,101366
SWAN BAY,102891
CANNONS CREEK,100647
HERNES OAK,101463
WAURN PONDS,103274
LANG LANG,101790
FLYNNS CREEK,101186
EDITHVALE,101084
LAKE WELLINGTON,101774
GHERINGHAP,101245
COBDEN,100784
WILLUNG SOUTH,103345
BOOLARRA,100440
JANCOURT,101557
HAMPTON EAST,101415
GERRIGERRUP,101243
NOBLE PARK NORTH,102361
ADA,100122
WILLOWVALE,103343
SILVAN,102747
INVERMAY PARK,101539
STONELEIGH,102839
NERRINA,102323
CLUNES,100774
RICHMOND,102617
THREE BRIDGES,103016
MOUNT WAVERLEY,102205
HOTSPUR,101502
NULLA VALE,102390
MONOMAK,102108
BAYINDEEN,100305
CHINTIN,100746
MUSK VALE,102247
BROOKLYN,100515
KINGSVILLE,101683
KALORAMA,101594
LINDENOW SOUTH,101850
VERMONT,103157
TOORAK,103061
BAW BAW VILLAGE,100303
CARINGAL,100673
NEERIM EAST,102313
OCEAN GRANGE,102418
ILLABAROOK,101522
MUNRO,102222
CORINDHAP,100840
DERRINALLUM,100964
ASHWOOD,100203
NOTTING HILL,102384
HUNTINGDALE,101513
OAKLEIGH SOUTH,102416
MEERLIEU,101999
CLEMATIS,100765
COLAC,100803
HMAS CERBERUS,101487
SOMERS,102774
MOUNT MACEDON,102190
MACEDON,101912
NORTHCOTE,102381
FAIRFIELD,101145
FYANSFORD,101213
CERES,100714
HIGHTON,101478
BLACK RANGE,100397
GREAT WESTERN,101373
CULLA,100900
METUNG,102038
BULLA,100548
MELBOURNE AIRPORT,102002
CARAMUT,100660
MINHAMITE,102061
MINJAH,102064
HAWKESDALE,101434
TRIDA,103100
STRZELECKI,102869
BAMBRA,100259
BINGINWARRI,100388
NORTH WONTHAGGI,102380
CHURCHILL,100752
HATTAH,101430
MOYHU,102211
DURHAM LEAD,101047
PASCOE VALE,102461
ELLERSLIE,101094
BATESFORD,100300
CUNDARE NORTH,100905
SKYE,102759
THALLOO,102996
BROADMEADOWS,100508
NORLANE,102369
YALLOURN NORTH,103456
EAST GEELONG,101062
FAWKNER,101155
HAZELWOOD SOUTH,101442
GLENROY,101312
NAYOOK,102309
HIGHETT,101474
BOISDALE,100421
WAIREWA,103178
HAMILTON,101412
SCOTCHMANS LEAD,102703
CARRANBALLAC,100692
WONGA PARK,103374
PIGGOREET,102497
MONTMORENCY,102114
MORRISONS,102148
STRATHMORE HEIGHTS,102865
KEILOR PARK,101631
FOOTSCRAY,101188
WOODSIDE,103397
MCLOUGHLINS BEACH,101988
MARENGO,101958
WILSONS PROMONTORY,103347
WALKERVILLE SOUTH,103186
TIDAL RIVER,103017
SKENES CREEK,102753
BARWON DOWNS,100295
CARLYLE,100682
BONEGILLA,100430
SNAKE ISLAND,102771
WILD DOG VALLEY,103329
MUNTHAM,102223
CLOVER FLAT,100770
PAKENHAM,102444
BENTLEIGH EAST,100355
BENTLEIGH,100354
ST ANDREWS BEACH,102807
ARMSTRONG,100193
GLENMAGGIE,101302
ELEVATED PLAINS,101090
BEREMBOKE,100357
STAUGHTON VALE,102827
TAROON,102948
JAM JERRUP,101554
THE HONEYSUCKLES,103001
BUNGADOR,100573
THE COVE,102998
COWLEYS CREEK,100860
CARDIGAN,100667
LUCAS,104278
BONA VISTA,100427
CALIVIL,100624
PRAIRIE,102554
FORGE CREEK,101191
BANKSIA PENINSULA,103706
ROBERTSONS BEACH,102631
NOWHERE CREEK,102386
ELMHURST,101097
GLENPATRICK,101308
NEWLYN,102337
DEAN,100939
MALVERN EAST,101942
GAINSBOROUGH,101214
MARYVALE,101978
MORWELL,102152
KALKALLO,101591
MURRAY-SUNSET,102238
MERRICKS,102026
ANAKIE,100163
PORTSEA,102547
TOL TOL,103029
NINDA,102351
SEA LAKE,102707
EVERTON UPPER,101140
TARRAWINGEE,102953
EVERTON,101139
SOUTH MORANG,102782
EPPING,101119
SHEPPARTON,102741
KIALLA,101654
SCARSDALE,102701
NEWTOWN,102343
MANNIBADAR,101951
CAPE CLEAR,100651
PITFIELD,102509
MAUDE,101982
SUGARLOAF,102871
AINTREE,123259
COBBLEBANK,123254
GRANITE ROCK,101360
MELWOOD,102007
VIEWBANK,103163
ST ALBANS,102804
MAFFRA WEST UPPER,101924
TAYLOR BAY,102969
MONT ALBERT NORTH,102112
AIRLY,100129
COONGULLA,100826
TYNTYNDER SOUTH,103126
MURRAWEE,102237
SWAN HILL,102892
DELAHEY,100946
FISH CREEK,101169
SANDY POINT,102695
BERWICK,100365
OFFICER,102421
TYRRELL DOWNS,103132
CHILLINGOLLAH,100741
MEAD,101991
MCMILLANS,101990
RUNNYMEDE,102668
AVONMORE,100216
MYRTLE CREEK,102258
SUTTON GRANGE,102890
BAYNTON,100307
WOOLAMAI,103406
PRINCETOWN,102558
FERGUSON,101157
RESEARCH,102605
TANDARRA,102928
MAIDEN GULLY,101926
GOLDEN SQUARE,101325
AXEDALE,100219
KNOWSLEY,101690
EPPALOCK,101118
WOLLERT,103369
MERNDA,102022
HAWTHORN EAST,101437
KATUNGA,101620
BOORCAN,100448
ROBINVALE,102632
SUNSHINE,102881
SUNSHINE WEST,102883
BAYSWATER NORTH,100310
BAYSWATER,100309
CAPE PATERSON,100654
MANNS BEACH,101952
HEIDELBERG HEIGHTS,101455
IVANHOE,101548
CHILDERS,100740
HAMLYN HEIGHTS,101413
EGANSTOWN,101085
TERANG,102986
MORIAC,102144
MODEWARRE,102089
PARAPARAP,102452
EPSOM,101120
EAGLEHAWK,101056
JACKASS FLAT,101552
OAK PARK,102411
TARRA VALLEY,102949
MACKS CREEK,101913
BRIM,100499
LAH,101749
VERMONT SOUTH,103158
WERNETH,103292
BOOLE POOLE,100444
VESPER,103160
SIMPSONS CREEK,102751
WARRANDYTE,103238
ALPHINGTON,100153
CORRINGLE,100849
WICKLIFFE,103327
SOMERTON,102775
MORNINGTON,102145
MOOROODUC,102136
CABBAGE TREE CREEK,100618
SANDHURST,102690
BESSIEBELLE,100367
WIMBLEDON HEIGHTS,103348
YARRA GLEN,103474
YERING,103494
GRUYERE,101394
WOORI YALLOCK,103415
BRODRIBB RIVER,100510
LUBECK,101897
ST HELENS PLAINS,102814
BONANG,100428
BENDOC,100349
WILLATOOK,103334
NORTH SHORE,102377
PEARSONDALE,102473
LILLICO,101838
GELLIONDALE,101233
WEEAPROINAH,103280
HEDLEY,101452
PASTORIA EAST,102464
YULECART,103504
KILMANY,101665
ROSEDALE,102653
ALLANS FLAT,100144
OSBORNES FLAT,102434
YELTA,103490
MERBEIN,102015
BOWMANS FOREST,100466
GAPSTED,101216
WHOROULY,103322
WHOROULY EAST,103323
SEBASTIAN,102715
CAMPBELLS FOREST,100637
RAVENSWOOD,102582
HEATHCOTE,101446
RAVENSWOOD SOUTH,102584
HEATHCOTE SOUTH,101448
HERNE HILL,101461
WALLINGTON,103195
OCEAN GROVE,102420
DEANSIDE,123262
FIELDSTONE,123260
FRASER RISE,123261
HARKNESS,123252
THORNHILL PARK,123256
WANTIRNA SOUTH,103220
SCORESBY,102702
GLENAIRE,101273
JOHANNA,101576
CORA LYNN,100835
RYE,102676
MYOLA,102253
BALMATTUM,100248
MARRAWEENEY,101970
KITHBROOK,101688
CLARENDON,100755
BRIAGOLONG,100488
WARRANWOOD,103240
ARDEER,100188
SEVILLE,102725
BRAYBROOK,100480
FITZROY NORTH,101174
HAZEL PARK,101438
SWAN MARSH,102895
LAANG,101740
WATTLE HILL,103270
FINGAL,101168
BOOSEY,100455
HORDERN VALE,101497
WALKERVILLE,103185
WARATAH BAY,103223
GERANGAMETE,101240
GOUGHS BAY,101346
TALLANGATTA EAST,102915
TALLANGATTA SOUTH,102916
AVALON,100210
NARRAWONG,102294
BOLWARRA,100425
ALLESTREE,100148
DUTTON WAY,101053
TALGARNO,102912
BETHANGA,100371
BELLBRIDGE,100335
ABERFELDIE,100119
MOONEE PONDS,102123
CONNEWIRRICOO,100820
MOOROOLBARK,102137
MONTROSE,102115
YANDOIT HILLS,103466
FRANKLINFORD,101199
GLENAROUA,101276
PYALONG,102566
HIGH CAMP,101473
DARNUM,100931
CLOVERLEA,100772
DENISON,100952
NALANGIL,102265
JEERALANG,101563
JANCOURT EAST,101559
TOOTGAROOK,103065
JUMBUK,101580
GLENFYNE,101281
GLEN FORBES,101264
EASTERN VIEW,101067
MEPUNGA,102012
CORONET BAY,100846
STACEYS BRIDGE,102820
RINGWOOD NORTH,102625
SWAN REACH,102896
PASCHENDALE,102460
MERRIMU,102032
ABERFELDY,100120
TULLAMARINE,103108
DROUIN EAST,101015
BENNISON,100353
BUMBERRAH,100561
BOOROOL,100453
MARDAN,101957
TINTALDRA,103026
RESERVOIR,102606
COBURG NORTH,100793
DENVER,100955
BEVERIDGE,100375
YEO,103492
DARLIMURLA,100928
SANDFORD,102688
CARRAJUNG SOUTH,100690
MOUNT CLEAR,102169
LAKE EILDON,101758
MURCHISON,102225
MORGIANA,102143
NAMBROK,102268
YAMBUNA,103459
TONGALA,103035
KINGSTON,101682
SPRINGMOUNT,102801
EYNESBURY,101143
MOUNT COTTRELL,102172
KERRISDALE,101647
STRATH CREEK,102851
DUNROBIN,101045
CASTERTON,100700
LAKE BOLAC,101753
WESTMERE,103307
WISELEIGH,103367
GOWANBRAE,101349
NARRAPUMELAP SOUTH,102293
ELAINE,101088
BAW BAW,100302
WARRANDYTE SOUTH,103239
FITZROY,101172
WANDIN EAST,103205
YATCHAW,103486
DEREEL,100959
MOUNT MERCER,102193
GLENFALLOCH,103510
PARK ORCHARDS,102453
CORIO,100842
DREEITE,101006
PORT FRANKLIN,102539
NOWA NOWA,102385
SYDENHAM,102901
BOOKAAR,100436
KORUMBURRA,101718
WHITELAW,103316
MONEGEETTA,102106
BOLINDA,100423
SILVERLEAVES,102748
ELLINBANK,101096
CANADIAN,100642
KENSINGTON,101640
CAULFIELD NORTH,100710
CAULFIELD EAST,100709
CARRAJUNG,100688
SUNSET STRIP,102880
CARLISLE RIVER,100676
SMITHS BEACH,102763
ALBERTON,100134
SAFETY BEACH,102678
POOWONG,102529
DELBURN,100950
VITE VITE,103167
FRANKSTON NORTH,101202
YEA,103488
MURRINDINDI,102242
TOORA,103056
AGNES,100126
CALLIGNEE SOUTH,100628
MOUNT TASSIE,102201
BLACKWARRY,100404
BENWERRIN,100356
LORNE,101889
BUFFALO,100542
MIDDLE TARWIN,102045
LANGWARRIN,101799
SEASPRAY,102712
GIFFARD,101247
SIMPSON,102750
DREEITE SOUTH,101008
WARRION,103246
GISBORNE,101256
GISBORNE SOUTH,101257
KEILOR DOWNS,101626
CHARLTON,100722
DOOBOOBETIC,100995
YEUNGROON,103495
KURUNJANG,101732
BRUNSWICK,100526
DERRIMUT,100962
LAVERTON NORTH,101811
MERRICKS BEACH,102027
SHOREHAM,102745
FLINDERS,101180
PORTLAND NORTH,102545
CASHMORE,100697
PORTLAND WEST,102546
MOUNTAIN BAY,102206
TOOLANGI,103043
BALLIANG EAST,100246
TRAYNORS LAGOON,103092
YORK PLAINS,103501
KORUMBURRA SOUTH,101719
JUMBUNNA,101581
MOUNT BEST,102157
GREENHILL,101378
SEBASTOPOL,102717
MIRIMBAH,102074
PRAHRAN,102553
CONNEWARRE,100819
TORQUAY,103066
MYRTLEBANK,102259
BLACKWOOD,100405
GREENDALE,101377
MYRNIONG,102254
MIDDLE PARK,102044
ST KILDA,102815
ST KILDA WEST,102818
CAMBRIAN HILL,100633
LONG FOREST,101878
BONSHAW,100435
MAIDSTONE,101927
CHATSWORTH,100724
KOOYONG,101712
GILDEROY,101250
LISMORE,101857
MCCRAE,101983
GIFFARD WEST,101248
PIRRON YALLOCK,102507
BALNARRING,100250
LUCKNOW,101898
FERNBANK,101160
WHITTINGTON,103319
PIER MILAN,102495
TEMPY,102983
NANDALY,102269
TYENNA,103118
COBAINS,100780
TAYLORS HILL,102970
SARSFIELD,102697
BURNSIDE HEIGHTS,100593
ELLIMINYT,101095
FLOWERDALE,101183
CLONBINANE,100769
EURACK,101131
OMBERSLEY,102425
BEEAC,100323
HEATHMERE,101450
OUTTRIM,102436
WEERING,103281
DOLLAR,100988
WOMBAT CREEK,103370
BULN BULN,100559
GARFIELD,101218
DROUIN SOUTH,101016
MOUNT ELIZA,102182
THOMSON,103006
BELMONT,100341
NARINGAL EAST,102288
FAIRBANK,101144
BUDGEREE,100540
BARONGAROOK WEST,100284
HOMERTON,101492
TYERS,103119
GNARWARRE,101316
CARDINIA,100669
CURLEWIS,100909
LEOPOLD,101830
LINTON,101854
MEADOW HEIGHTS,101993
ROWSLEY,102660
WALKERVILLE NORTH,104954
FLORA HILL,101181
ASCOT,100199
WILLOW GROVE,103341
TANJIL SOUTH,102932
SPRING GULLY,102793
COOJAR,100821
LANCE CREEK,101784
CROYDON,100891
KILSYTH,101669
SEDGWICK,102719
ARCHIES CREEK,100187
POOWONG EAST,102530
GLOMAR BEACH,101315
CARRAJUNG LOWER,100689
GOLDEN BEACH,101320
BULN BULN EAST,100560
CARISBROOK,100674
MARYBOROUGH,101975
GLENGARRY NORTH,101284
PORTARLINGTON,102543
CRANBOURNE SOUTH,100868
CROYDON NORTH,100893
KALIMNA WEST,101590
CAPE CONRAN,100652
WATERHOLES,103257
BADGER CREEK,100225
LILYDALE,101843
MILLGROVE,102052
TARRINGTON,102958
ROSANNA,102647
CODRINGTON,100798
MARCUS HILL,101956
WINNINDOO,103362
DRUMBORG,101019
HARMERS HAVEN,101424
PORT WELSHPOOL,102542
GREY RIVER,101390
APOLLO BAY,100170
YUULONG,103507
BITTERN,100395
ANGLESEA,100167
SORRENTO,102777
WARRNAMBOOL,103248
BULLAHARRE,100549
BALOOK,100253
BOOLARRA SOUTH,100442
FORREST,101192
BLACKBURN NORTH,100401
CANTERBURY,100649
CAMBERWELL,100632
DUNACH,101035
STONY CREEK,102840
TOORLOO ARM,103062
AIRE VALLEY,100127
GELLIBRAND LOWER,101232
SKENES CREEK NORTH,102754
CAPE OTWAY,100653
PETTICOAT CREEK,102489
WARRAGUL SOUTH,103235
LARDNER,101802
BRIT BRIT,100505
DRIK DRIK,101011
MOUNT RICHMOND,102198
WOODLEIGH,103393
YARRAGON,103477
YARRAGON SOUTH,103478
JARRAHMOND,101561
BETE BOLONG,100369
NEWMERELLA,102339
BOX HILL NORTH,100469
FLAGSTAFF,101176
VERVALE,103159
MOOLAP,102116
THE SISTERS,103003
FOSTER NORTH,101194
ARTHURS SEAT,100197
ELINGAMITE,101091
ALLANSFORD,100146
YEODENE,103493
TABOR,102905
MINGAY,102060
CARLTON,100679
ST HELENS,102813
LARRALEA,101804
ASPENDALE,100204
MONTGOMERY,102113
FOXHOW,101196
BANGHOLME,100263
MARYKNOLL,101976
ALLAMBEE RESERVE,100140
HESKET,101464
CLAYTON,100761
MULGRAVE,102219
GOORNONG,101338
KIMBOLTON,101671
LYAL,101901
REDESDALE,102598
MALLACOOTA,101937
TOSTAREE,103070
RUFFY,102666
HARCOURT NORTH,101422
CREEK VIEW,121980
MOLLONGGHIP,102101
NARRE WARREN NORTH,102297
HEIDELBERG,101454
EAGLEMONT,101058
TESBURY,102993
TANDAROOK,102927
WALLACEDALE,103188
TECOMA,102973
FUMINA,101210
NARRE WARREN EAST,102296
DAWSON,100937
KNEBSWORTH,101689
BLACK ROCK,100399
MORTLAKE,102150
TOONGABBIE,103054
SUTHERLANDS CREEK,102888
DOVETON,101005
BARUNAH PARK,100291
NUNAWADING,102396
THE BASIN,102997
SPRINGDALLAH,102797
BURNSIDE,100592
CROXTON EAST,100890
MOSSIFACE,102153
KINGS PARK,101680
LOCH VALLEY,101868
STOCKDALE,102835
BAHGALLAH,100229
NEWFIELD,102332
TARRENLEA,102957
RAINBOW,102575
WODONGA,103368
LENEVA,101825
TAHARA,102907
NICHOLSON,102347
PORT CAMPBELL,102537
ROMSEY,102646
PORT ALBERT,102536
LAUNCHING PLACE,101806
YARRA JUNCTION,103475
GLADYSDALE,101260
PAKENHAM UPPER,102446
LAKE TYERS,101771
LAKE TYRRELL,101773
TYLDEN,103121
FERN HILL,101158
WARNCOORT,103229
COLAC EAST,100805
BARONGAROOK,100283
BAROMI,100282
JEETHO,101565
NIRRANDA,102356
WINDSOR,103353
MONBULK,102105
BURWOOD,100601
BAMGANIE,100260
LETHBRIDGE,101833
STRATHDOWNIE,102857
MOUNT WALLACE,102204
BEND OF ISLANDS,100347
WARRAYURE,103241
ELTHAM NORTH,101105
WATSONIA NORTH,103261
ELTHAM,101103
KEILOR LODGE,101629
ALFREDTON,100138
SOUTH WHARF,103517
WHEELERS HILL,103311
ROWVILLE,102661
NEWRY,102341
TINAMBA WEST,103025
MAFFRA,101923
CHAPPLE VALE,100718
LAVERS HILL,101808
MOUNT DUNEED,102178
PENNYROYAL,102478
FOSTER,101193
YANAKIE,103463
WURDIBOLUC,103434
GHERANG,101244
WINCHELSEA SOUTH,103351
BELLBRAE,100334
WENSLEYDALE,103289
FISKVILLE,101171
ALMURTA,100151
STONY CREEK,102842
ASHBOURNE,100201
CAROLINE SPRINGS,100685
ROCKBANK,102639
HILLSIDE,101485
CHELTENHAM,100728
BEAUMARIS,100321
TEMPLESTOWE,102980
TEMPLESTOWE LOWER,102981
COWES,100859
MOUNT TAYLOR,102202
FRAMLINGHAM,101197
PURNIM,102564
NAROGHID,102289
GARVOC,101222
AVONSLEIGH,100217
MURRUMBEENA,102244
PLUMPTON,102514
MELTON,102003
MELTON WEST,102005
GREENSBOROUGH,101381
HOPETOUN PARK,101495
BONNIE BROOK,123258
GRANGEFIELDS,123257
BROOKFIELD,100513
COIMADAI,100801
MOUNT TOOLEBEWONG,102203
HAPPY VALLEY,101418
DON VALLEY,100989
SUNSHINE NORTH,102882
BIG PATS CREEK,100382
CAIRNLEA,100620
ESSENDON WEST,101129
AVONDALE HEIGHTS,100215
DEER PARK,100944
RAVENHALL,102581
BULLEEN,100555
PURA PURA,102560
WOODHOUSE,103392
ARMSTRONG CREEK,104540
LARA,101801
GLEN ALVIE,101261
RYANSTON,102675
WOOD WOOD,103385
MIRALIE,102068
PENTAL ISLAND,102482
FISH POINT,101170
BENJEROOP,100351
MYSTIC PARK,102262
LADYS PASS,101743
EDI,101082
DUMOSA,101033
HAMPTON,101414
ST HELENA,103590
WARNEET,103231
TOORA NORTH,103057
INVERLOCH,101535
HUNTERSTON,101512
BEECH FOREST,100324
EUROBIN,101134
POREPUNKAH,102535
MOUNT BUFFALO,102160
BUCKLAND,100534
PICOLA,102492
KOTUPNA,101723
CARPENDEIT,100687
AIREYS INLET,100128
GUNYAH,101400
JACK RIVER,101551
DIXIE,100981
PURNIM WEST,102565
FRENCH ISLAND,101205
WANGOOM,103217
YANGERY,103467
BELLS BEACH,100340
MOUNT HELEN,102187
WRIXON,103427
WESTMEADOWS,103306
CHIRNSIDE PARK,100747
TETOORA ROAD,102994
POMBORNEIT EAST,102522
CARRUM DOWNS,100695
KAWARREN,101621
VENTNOR,103154
RHYLL,102610
EAST SALE,101064
BELL PARK,100330
NORTH GEELONG,102374
STONEHAVEN,102837
MERRICKS NORTH,102028
SOUTH PURRUMBETE,102783
MOUNT FRANKLIN,102185
DARGO,100925
COWA,100857
FARADAY,101152
CASTELLA,100699
YAN YEAN,103461
DOREEN,101000
CAPELS CROSSING,100657
REEDY LAKE,102603
KERANG,101641
MCKENZIE HILL,101986
LONGWOOD EAST,101888
TARCOMBE,102941
ST ANDREWS,102806
MARIBYRNONG,101959
SHEPHERDS FLAT,102740
SUNBURY,102877
DIGGERS REST,100974
PARWAN,102459
HADFIELD,101405
BREAMLEA,100484
SANDRINGHAM,102693
WHIRILY,103313
STEWARTON,102832
UPOTIPOTPON,103140
MELTON SOUTH,102004
STRATHTULLOH,123255
GLENBURN,101278
LYONVILLE,101906
KINGLAKE,101673
WILLUNG,103344
HIAMDALE,101471
DELACOMBE,100945
TERRICK TERRICK EAST,102992
MILL PARK,102050
TERRICK TERRICK,102991
TINAMBA,103024
MALVERN,101941
ARMADALE,100192
THOMASTOWN,103005
BUNDOORA,100568
WYNDHAM VALE,103443
MANOR LAKES,122956
WERRIBEE,103295
MAMBOURIN,101943
DIAMOND CREEK,100971
WATTLE GLEN,103269
DARTMOOR,100934
WINNAP,103361
NEWBOROUGH,102328
ESSENDON FIELDS,103717
PANTON HILL,102449
YENDON,103491
STRATHKELLAR,102860
DALLAS,100915
DANDENONG SOUTH,100922
BELL POST HILL,100331
THORPDALE SOUTH,103013
GELLIBRAND,101230
MADALYA,101920
TARRAVILLE,102951
MOUNT SABINE,102200
TARWIN LOWER,102961
LANGSBOROUGH,101798
VENUS BAY,103155
CAMPBELLFIELD,100634
ALVIE,100157
CORAGULAC,100838
BALINTORE,100236
CORUNNUN,100851
OLD TALLANGATTA,102423
TALLANGATTA,102914
WOORARRA WEST,103414
WYELANGTA,103442
SOUTH DUDLEY,102778
KENNETT RIVER,101637
MOUNTAIN VIEW,102207
FERNDALE,101162
COCKATOO,100796
THE GURDIES,102999
MITIAMO,102080
STANHOPE,102824
FULHAM,101209
MOUNT ECCLES,102179
CARAG CARAG,100658
COLIGNAN,100811
TAYLORS LAKES,102971
BONNIE DOON,100434
KEILOR,101624
BLACKBURN SOUTH,100402
BURWOOD EAST,100602
BONEO,100431
SPRINGFIELD,102798
BALWYN NORTH,100255
BUNKERS HILL,100583
MITCHAM,102076
YALCA,103451
STRATHMERTON,102863
BEARII,100316
HEPBURN SPRINGS,101460
HEYWOOD,101470
TYRENDARRA,103127
YALLOURN,103454
WOODFORD,103390
BUSHFIELD,100604
LANCEFIELD,101785
WINTER VALLEY,122907
LAURISTON,101807
CRANBOURNE WEST,100869
WEERITE,103282
TOORADIN,103060
LANGWARRIN SOUTH,101800
SOUTH GEELONG,102779
WARRAGUL WEST,103236
STRADBROKE,102845
TRAFALGAR SOUTH,103083
GREENWALD,101384
UPPER PLENTY,103146
WAHRING,103176
GOULBURN WEIR,101348
KIRWANS BRIDGE,101687
EDEN PARK,101079
MERINO,102021
TAHARA WEST,102910
GRASSDALE,101365
COROROOKE,100848
BUNDING,100567
WEST FOOTSCRAY,103301
TOTTENHAM,103071
LAVERTON,101809
WILLIAMS LANDING,103338
BALNARRING BEACH,100251
POINT LEO,102516
PATHO,102467
HARKAWAY,101423
GUYS HILL,101402
BALWYN,100254
KILLARNEY,101662
PIEDMONT,102494
GLEN HUNTLY,101265
OAKLEIGH,102413
ERICA,101123
RAWSON,102585
TRAVANCORE,103088
NEERIM SOUTH,102316
PITTONG,102511
GLENMORE,101303
WALHALLA,103182
COOPERS CREEK,100831
THORNTON,103010
RUBICON,102663
NAR NAR GOON,102276
TYNONG,103123
LONGWARRY NORTH,101886
BUNYIP,100584
MURROON,102243
IRREWARRA,101544
ONDIT,102429
WALLACE,103187
COTTLES BRIDGE,100856
BRAESIDE,100475
WATERWAYS,103259
WINGEEL,103357
HESSE,101465
SEPARATION CREEK,102722
DINGEE,100977
SMYTHES CREEK,102767
NINTINGBOOL,102354
SMYTHESDALE,102769
BLAIRGOWRIE,100406
RED HILL SOUTH,102591
KARDELLA SOUTH,101611
CARWARP,100696
FAIRHAVEN,101147
ROSEBROOK,102650
BALLIANG,100245
GUILDFORD,101396
LAKE GARDENS,101761
NERRENA,102320
POUND CREEK,102549
YINNAR,103499
ILLOWA,101524
CUDGEE,100897
ELINGAMITE NORTH,101092
PORTLAND,102544
STONYFORD,102844
KOORNALLA,101708
GRANTVILLE,101361
BEENAK,100326
CAULFIELD SOUTH,100711
HEXHAM,101466
HUGHESDALE,101509
RAYMOND ISLAND,102586
GOON NURE,101332
CONDAH,100815
TAMBO UPPER,102921
PARKVILLE,102456
CARLTON NORTH,100681
PRINCES HILL,102557
LOVELY BANKS,101891
ALTONA,100154
SEAHOLME,102711
PIPERS CREEK,102504
CARLSRUHE,100678
WOOTONG VALE,103424
COLERAINE,100810
PENTLAND HILLS,102483
BACCHUS MARSH,100222
MADDINGLEY,101921
BAGSHOT,100227
HUNTLY,101514
CARRUM,100694
SEAFORD,102710
MICKLEHAM,102041
CRAIGIEBURN,100864
WINSLOW,103363
MAILORS FLAT,101928
HASTINGS,101429
NEWPORT,102340
ALBERT PARK,100133
WILLIAMSTOWN,103339
CAMPERDOWN,100641
GNOTUK,101317
SKIBO,102755
BRANDY CREEK,100476
WARRAGUL,103234
CAMPBELLS CREEK,100636
YAPEEN,103471
TONIMBUK,103038
GARFIELD NORTH,101219
BUNYIP NORTH,100585
FRANKSTON,101201
FRANKSTON SOUTH,101203
TRENTHAM,103094
NEWBURY,102330
NOOJEE,102362
NEERIM NORTH,102315
KILMORE EAST,101667
KILMORE,101666
DONNYBROOK,100993
WEST MELBOURNE,103302
GLEN IRIS,101267
BOONAH,100447
YARRAMBAT,103480
PLENTY,102513
GLENLYON,101301
SPRING HILL,102794
LITTLE HAMPTON,101860
KENNEDYS CREEK,101636
GREENS CREEK,101380
CAMPBELLS BRIDGE,100635
MAINDAMPLE,101931
JINDIVICK,101573
MOUNT BULLER,102161
CROWLANDS,100889
HOTHAM HEIGHTS,101501
MOUNT COLE CREEK,102171
REYNARD,102607
CROOKAYAN,100882
LICOLA NORTH,101836
STRATHMORE,102864
SELWYN,102721
BRUNSWICK WEST,100528
JEPARIT,101568
TARRANYURK,102950
SALE,102684
WURRUK,103435
WARRONG,103250
LOY YANG,101895
NORTHWOOD,102382
SEYMOUR,102727
HILLDENE,101482
CRANBOURNE,100865
BOTANIC RIDGE,103704
JUNCTION VILLAGE,101582
MEREDITH,102018
SHE OAKS,102732
BUFFALO RIVER,100543
NUG NUG,102388
RICH AVON,102613
RICH AVON EAST,102614
MALMSBURY,101939
KYNETON,101736
NEWHAM,102333
ROCHFORD,102638
WY YUNG,103436
HILLSIDE,101483
BAIRNSDALE,100231
HALLAM,101406
NARRE WARREN,102295
SAMARIA,102686
TRARALGON SOUTH,103087
GRAND RIDGE,101357
WONYIP,103384
DURDIDWARRAH,101046
STEIGLITZ,102831
GLENORMISTON SOUTH,101307
NOORAT,102363
TIMBOON,103019
CURDIES RIVER,100906
ST CLAIR,102811
WONTHAGGI,103381
CROSSLEY,100885
TOWER HILL,103078
LYNDHURST,101903
MAIN RIDGE,101930
TARWIN,102960
ASHBURTON,100202
BADDAGINNIE,100223
WARRENBAYNE,103242
DONCASTER EAST,100992
DONVALE,100994
MOUNT DANDENONG,102174
OLINDA,102424
UPPER FERNTREE GULLY,103141
UPWEY,103149
ANTWERP,100169
DIMBOOLA,100976
GERANG GERUNG,101239
GOORAMBAT,101337
BROKEN CREEK,100511
GOOMALIBEE,101331
BRAVINGTON,100479
LONGWARRY,101884
ALLAMBEE,100139
SEAVIEW,102714
ROSEBUD,102651
CAPEL SOUND,102652
LARPENT,101803
IRREWILLIPE EAST,101546
LANGLEY,101797
SIDONIA,102746
DUMBALK NORTH,101032
DOCKLANDS,100986
PORT MELBOURNE,102541
YELLINGBO,103489
KIRKSTALL,101686
KOROIT,101715
PORT FAIRY,102538
SOUTHERN CROSS,102788
TOOLONG,103051
SAN REMO,102687
MIRBOO,102071
TOWANINNY SOUTH,103077
BOHO,100416
BOHO SOUTH,100418
ADELAIDE LEAD,100125
MAJORCA,101935
SEVILLE EAST,102726
TARRONE,102959
MANSFIELD,101954
MERRIJIG,102031
HEIDELBERG WEST,101456
PRESTON,102556
BELLFIELD,100339
GRETA WEST,101389
GRETA,101387
HANSONVILLE,101417
GRETA SOUTH,101388
CLYDE,100775
